{
  "boxes": [
    {
      "x": 4,
      "y": 5,
      "kind": 2,
      "onTop": 0
    }
  ],
  "goals": [
    {
      "x": 13,
      "y": 5,
      "kind": 4
    }
  ],
  "obstacles": [
    {
      "x": 3,
      "y": 3,
      "kind": 1
    },
    {
      "x": 4,
      "y": 3,
      "kind": 1
    },
    {
      "x": 2,
      "y": 3,
      "kind": 1
    },
    {
      "x": 2,
      "y": 4,
      "kind": 1
    },
    {
      "x": 4,
      "y": 4,
      "kind": 1
    },
    {
      "x": 2,
      "y": 5,
      "kind": 1
    },
    {
      "x": 2,
      "y": 6,
      "kind": 1
    },
    {
      "x": 3,
      "y": 6,
      "kind": 1
    },
    {
      "x": 4,
      "y": 6,
      "kind": 1
    },
    {
      "x": 5,
      "y": 6,
      "kind": 1
    },
    {
      "x": 6,
      "y": 6,
      "kind": 1
    },
    {
      "x": 7,
      "y": 6,
      "kind": 1
    },
    {
      "x": 8,
      "y": 6,
      "kind": 1
    },
    {
      "x": 9,
      "y": 6,
      "kind": 1
    },
    {
      "x": 10,
      "y": 6,
      "kind": 1
    },
    {
      "x": 11,
      "y": 6,
      "kind": 1
    },
    {
      "x": 12,
      "y": 6,
      "kind": 1
    },
    {
      "x": 13,
      "y": 6,
      "kind": 1
    },
    {
      "x": 14,
      "y": 6,
      "kind": 1
    },
    {
      "x": 14,
      "y": 5,
      "kind": 1
    },
    {
      "x": 14,
      "y": 4,
      "kind": 1
    },
    {
      "x": 13,
      "y": 4,
      "kind": 1
    },
    {
      "x": 12,
      "y": 4,
      "kind": 1
    },
    {
      "x": 10,
      "y": 4,
      "kind": 1
    },
    {
      "x": 11,
      "y": 4,
      "kind": 1
    },
    {
      "x": 9,
      "y": 4,
      "kind": 1
    },
    {
      "x": 8,
      "y": 4,
      "kind": 1
    },
    {
      "x": 7,
      "y": 4,
      "kind": 1
    },
    {
      "x": 6,
      "y": 4,
      "kind": 1
    },
    {
      "x": 5,
      "y": 4,
      "kind": 1
    }
  ],
  "player": {
    "x": 3,
    "y": 4,
    "kind": 3,
    "onTop": 0
  }
}
